{
  "COCO17": {
    "nose": [0.493515, 0.20625],
    "left_eye": [0.519803, 0.182272],
    "right_eye": [0.464591, 0.182844],
    "left_ear": [0.554952, 0.18288],
    "right_ear": [0.430903, 0.183581],
    "left_shoulder": [0.627853, 0.287198],
    "right_shoulder": [0.357424, 0.288532],
    "left_elbow": [0.701495, 0.416801],
    "right_elbow": [0.285219, 0.418632],
    "left_wrist": [0.629973, 0.482381],
    "right_wrist": [0.354039, 0.480868],
    "left_hip": [0.577599, 0.534873],
    "right_hip": [0.4093, 0.535352],
    "left_knee": [0.563539, 0.676934],
    "right_knee": [0.42639, 0.676991],
    "left_ankle": [0.559188, 0.854771],
    "right_ankle": [0.431376, 0.854245]
  },
  "AIC14": {
    "right_shoulder": [0.324391, 0.26875],
    "right_elbow": [0.262673, 0.389503],
    "right_wrist": [0.279925, 0.454233],
    "left_shoulder": [0.675949, 0.26734],
    "left_elbow": [0.736197, 0.390033],
    "left_wrist": [0.709968, 0.460466],
    "right_hip": [0.399924, 0.532309],
    "right_knee": [0.381085, 0.686032],
    "right_ankle": [0.338888, 0.833862],
    "left_hip": [0.594044, 0.532026],
    "left_knee": [0.571546, 0.686665],
    "left_ankle": [0.504026, 0.835173],
    "head_top": [0.495974, 0.099793],
    "neck": [0.501874, 0.230073]
  },
  "MPII16": {
    "right_ankle": [0.479373, 0.825106],
    "right_knee": [0.474031, 0.67676],
    "right_hip": [0.474508, 0.52819],
    "left_hip": [0.526843, 0.528321],
    "left_knee": [0.531521, 0.676826],
    "left_ankle": [0.530043, 0.82458],
    "pelvis": [0.501362, 0.529048],
    "thorax": [0.501399, 0.304269],
    "upper_neck": [0.501739, 0.27701],
    "head_top": [0.502088, 0.127323],
    "right_wrist": [0.451282, 0.476969],
    "right_elbow": [0.435817, 0.417816],
    "right_shoulder": [0.455926, 0.303283],
    "left_shoulder": [0.545199, 0.303067],
    "left_elbow": [0.56476, 0.41875],
    "left_wrist": [0.549345, 0.478765]
  },
  "CrowdPose14": {
    "left_shoulder": [0.657737, 0.277834],
    "right_shoulder": [0.334711, 0.278843],
    "left_elbow": [0.728638, 0.408272],
    "right_elbow": [0.26785, 0.407627],
    "left_wrist": [0.67316, 0.474299],
    "right_wrist": [0.319215, 0.470559],
    "left_hip": [0.592476, 0.5477],
    "right_hip": [0.403471, 0.54803],
    "left_knee": [0.591718, 0.695925],
    "right_knee": [0.412024, 0.695027],
    "left_ankle": [0.585377, 0.869584],
    "right_ankle": [0.424938, 0.869667],
    "crowdpose_head": [0.487374, 0.078189],
    "neck": [0.488757, 0.232955]
  }
}
